{
    "accuracy": [
        [
            0.703,
            0.703,
            0.703,
            0.703,
            0.703,
            0.703,
            0.703,
            0.703,
            0.703,
            0.703
        ],
        [
            0.703,
            0.703,
            0.703,
            0.703,
            0.703,
            0.703,
            0.703,
            0.703,
            0.703,
            0.703
        ],
        [
            0.703,
            0.703,
            0.703,
            0.703,
            0.703,
            0.703,
            0.703,
            0.703,
            0.703,
            0.703
        ]
    ],
    "f1_score": [
        [
            0.5803981209630065,
            0.5803981209630065,
            0.5803981209630065,
            0.5803981209630065,
            0.5803981209630065,
            0.5803981209630065,
            0.5803981209630065,
            0.5803981209630065,
            0.5803981209630065,
            0.5803981209630065
        ],
        [
            0.5803981209630065,
            0.5803981209630065,
            0.5803981209630065,
            0.5803981209630065,
            0.5803981209630065,
            0.5803981209630065,
            0.5803981209630065,
            0.5803981209630065,
            0.5803981209630065,
            0.5803981209630065
        ],
        [
            0.5803981209630065,
            0.5803981209630065,
            0.5803981209630065,
            0.5803981209630065,
            0.5803981209630065,
            0.5803981209630065,
            0.5803981209630065,
            0.5803981209630065,
            0.5803981209630065,
            0.5803981209630065
        ]
    ],
    "precision": [
        [
            0.494209,
            0.494209,
            0.494209,
            0.494209,
            0.494209,
            0.494209,
            0.494209,
            0.494209,
            0.494209,
            0.494209
        ],
        [
            0.494209,
            0.494209,
            0.494209,
            0.494209,
            0.494209,
            0.494209,
            0.494209,
            0.494209,
            0.494209,
            0.494209
        ],
        [
            0.494209,
            0.494209,
            0.494209,
            0.494209,
            0.494209,
            0.494209,
            0.494209,
            0.494209,
            0.494209,
            0.494209
        ]
    ],
    "recall": [
        [
            0.703,
            0.703,
            0.703,
            0.703,
            0.703,
            0.703,
            0.703,
            0.703,
            0.703,
            0.703
        ],
        [
            0.703,
            0.703,
            0.703,
            0.703,
            0.703,
            0.703,
            0.703,
            0.703,
            0.703,
            0.703
        ],
        [
            0.703,
            0.703,
            0.703,
            0.703,
            0.703,
            0.703,
            0.703,
            0.703,
            0.703,
            0.703
        ]
    ],
    "false_positive_rate": [
        [
            0.5,
            0.5,
            0.5,
            0.5,
            0.5,
            0.5,
            0.5,
            0.5,
            0.5,
            0.5
        ],
        [
            0.5,
            0.5,
            0.5,
            0.5,
            0.5,
            0.5,
            0.5,
            0.5,
            0.5,
            0.5
        ],
        [
            0.5,
            0.5,
            0.5,
            0.5,
            0.5,
            0.5,
            0.5,
            0.5,
            0.5,
            0.5
        ]
    ]
}